date_time,cot_index,movement_index
2022-08-15 17:00:00,,
2022-08-16 17:00:00,,
2022-08-17 17:00:00,,
2022-08-18 17:00:00,,
2022-08-19 17:00:00,,
2022-08-22 17:00:00,,
2022-08-23 17:00:00,,
2022-08-24 17:00:00,,
2022-08-25 17:00:00,,
2022-08-26 17:00:00,,
2022-08-29 17:00:00,,
2022-08-30 17:00:00,,
2022-08-31 17:00:00,,
2022-09-01 17:00:00,,
2022-09-02 17:00:00,,
2022-09-06 17:00:00,,
2022-09-07 17:00:00,,
2022-09-08 17:00:00,,
2022-09-09 17:00:00,,
2022-09-12 17:00:00,,
2022-09-13 17:00:00,,
2022-09-14 17:00:00,,
2022-09-15 17:00:00,,
2022-09-16 17:00:00,,
2022-09-19 17:00:00,,
2022-09-20 17:00:00,,
2022-09-21 17:00:00,,
2022-09-22 17:00:00,,
2022-09-23 17:00:00,,
2022-09-26 17:00:00,,
2022-09-27 17:00:00,,
2022-09-28 17:00:00,,
2022-09-29 17:00:00,,
2022-09-30 17:00:00,,
2022-10-03 17:00:00,,
2022-10-04 17:00:00,,
2022-10-05 17:00:00,,
2022-10-06 17:00:00,,
2022-10-07 17:00:00,,
2022-10-10 17:00:00,,
2022-10-11 17:00:00,,
2022-10-12 17:00:00,,
2022-10-13 17:00:00,,
2022-10-14 17:00:00,,
2022-10-17 17:00:00,,
2022-10-18 17:00:00,,
2022-10-19 17:00:00,,
2022-10-20 17:00:00,,
2022-10-21 17:00:00,,
2022-10-24 17:00:00,,
2022-10-25 17:00:00,,
2022-10-26 17:00:00,,
2022-10-27 17:00:00,,
2022-10-28 17:00:00,,
2022-10-31 17:00:00,,
2022-11-01 17:00:00,,
2022-11-02 17:00:00,,
2022-11-03 17:00:00,,
2022-11-04 17:00:00,,
2022-11-07 17:00:00,,
2022-11-08 17:00:00,,
2022-11-09 17:00:00,,
2022-11-10 17:00:00,,
2022-11-11 17:00:00,,
2022-11-14 17:00:00,,
2022-11-15 17:00:00,,
2022-11-16 17:00:00,,
2022-11-17 17:00:00,,
2022-11-18 17:00:00,,
2022-11-21 17:00:00,,
2022-11-22 17:00:00,,
2022-11-23 17:00:00,,
2022-11-25 17:00:00,,
2022-11-28 17:00:00,,
2022-11-29 17:00:00,,
2022-11-30 17:00:00,,
2022-12-01 17:00:00,,
2022-12-02 17:00:00,,
2022-12-05 17:00:00,,
2022-12-06 17:00:00,,
2022-12-07 17:00:00,,
2022-12-08 17:00:00,,
2022-12-09 17:00:00,,
2022-12-12 17:00:00,,
2022-12-13 17:00:00,,
2022-12-14 17:00:00,,
2022-12-15 17:00:00,,
2022-12-16 17:00:00,,
2022-12-19 17:00:00,,
2022-12-20 17:00:00,,
2022-12-21 17:00:00,,
2022-12-22 17:00:00,,
2022-12-23 17:00:00,,
2022-12-27 17:00:00,,
2022-12-28 17:00:00,,
2022-12-29 17:00:00,,
2022-12-30 17:00:00,,
2023-01-03 17:00:00,,
2023-01-04 17:00:00,,
2023-01-05 17:00:00,,
2023-01-06 17:00:00,,
2023-01-09 17:00:00,,
2023-01-10 17:00:00,,
2023-01-11 17:00:00,,
2023-01-12 17:00:00,,
2023-01-13 17:00:00,,
2023-01-17 17:00:00,,
2023-01-18 17:00:00,,
2023-01-19 17:00:00,,
2023-01-20 17:00:00,,
2023-01-23 17:00:00,,
2023-01-24 17:00:00,,
2023-01-25 17:00:00,,
2023-01-26 17:00:00,,
2023-01-27 17:00:00,,
2023-01-30 17:00:00,,
2023-01-31 17:00:00,,
2023-02-01 17:00:00,,
2023-02-02 17:00:00,,
2023-02-03 17:00:00,,
2023-02-06 17:00:00,,
2023-02-07 17:00:00,,
2023-02-08 17:00:00,,
2023-02-09 17:00:00,,
2023-02-10 17:00:00,,
2023-02-13 17:00:00,,
2023-02-14 17:00:00,,
2023-02-15 17:00:00,,
2023-02-16 17:00:00,,
2023-02-17 17:00:00,,
2023-02-21 17:00:00,,
2023-02-22 17:00:00,,
2023-02-23 17:00:00,,
2023-02-24 17:00:00,,
2023-02-27 17:00:00,,
2023-02-28 17:00:00,,
2023-03-01 17:00:00,,
2023-03-02 17:00:00,,
2023-03-03 17:00:00,,
2023-03-06 17:00:00,,
2023-03-07 17:00:00,,
2023-03-08 17:00:00,,
2023-03-09 17:00:00,,
2023-03-10 17:00:00,,
2023-03-13 17:00:00,,
2023-03-14 17:00:00,,
2023-03-15 17:00:00,,
2023-03-16 17:00:00,,
2023-03-17 17:00:00,,
2023-03-20 17:00:00,,
2023-03-21 17:00:00,,
2023-03-22 17:00:00,,
2023-03-23 17:00:00,,
2023-03-24 17:00:00,,
2023-03-27 17:00:00,,
2023-03-28 17:00:00,,
2023-03-29 17:00:00,,
2023-03-30 17:00:00,,
2023-03-31 17:00:00,,
2023-04-03 17:00:00,,
2023-04-04 17:00:00,,
2023-04-05 17:00:00,,
2023-04-06 17:00:00,,
2023-04-07 17:00:00,,
2023-04-10 17:00:00,,
2023-04-11 17:00:00,,
2023-04-12 17:00:00,,
2023-04-13 17:00:00,,
2023-04-14 17:00:00,,
2023-04-17 17:00:00,,
2023-04-18 17:00:00,,
2023-04-19 17:00:00,,
2023-04-20 17:00:00,,
2023-04-21 17:00:00,,
2023-04-24 17:00:00,,
2023-04-25 17:00:00,,
2023-04-26 17:00:00,,
2023-04-27 17:00:00,,
2023-04-28 17:00:00,,
2023-05-01 17:00:00,,
2023-05-02 17:00:00,,
2023-05-03 17:00:00,,
2023-05-04 17:00:00,,
2023-05-05 17:00:00,,
2023-05-08 17:00:00,,
2023-05-09 17:00:00,,
2023-05-10 17:00:00,,
2023-05-11 17:00:00,,
2023-05-12 17:00:00,,
2023-05-15 17:00:00,,
2023-05-16 17:00:00,,
2023-05-17 17:00:00,,
2023-05-18 17:00:00,,
2023-05-19 17:00:00,,
2023-05-22 17:00:00,,
2023-05-23 17:00:00,,
2023-05-24 17:00:00,,
2023-05-25 17:00:00,,
2023-05-26 17:00:00,,
2023-05-30 17:00:00,,
2023-05-31 17:00:00,,
2023-06-01 17:00:00,,
2023-06-02 17:00:00,,
2023-06-05 17:00:00,,
2023-06-06 17:00:00,,
2023-06-07 17:00:00,,
2023-06-08 17:00:00,,
2023-06-09 17:00:00,,
2023-06-12 17:00:00,,
2023-06-13 17:00:00,,
2023-06-14 17:00:00,,
2023-06-15 17:00:00,,
2023-06-16 17:00:00,,
2023-06-20 17:00:00,,
2023-06-21 17:00:00,,
2023-06-22 17:00:00,,
2023-06-23 17:00:00,,
2023-06-26 17:00:00,,
2023-06-27 17:00:00,,
2023-06-28 17:00:00,,
2023-06-29 17:00:00,,
2023-06-30 17:00:00,,
2023-07-03 17:00:00,,
2023-07-05 17:00:00,,
2023-07-06 17:00:00,,
2023-07-07 17:00:00,,
2023-07-10 17:00:00,,
2023-07-11 17:00:00,,
2023-07-12 17:00:00,,
2023-07-13 17:00:00,,
2023-07-14 17:00:00,,
2023-07-17 17:00:00,,
2023-07-18 17:00:00,,
2023-07-19 17:00:00,,
2023-07-20 17:00:00,,
2023-07-21 17:00:00,,
2023-07-24 17:00:00,,
2023-07-25 17:00:00,,
2023-07-26 17:00:00,,
2023-07-27 17:00:00,,
2023-07-28 17:00:00,,
2023-07-31 17:00:00,,
2023-08-01 17:00:00,,
2023-08-02 17:00:00,,
2023-08-03 17:00:00,,
2023-08-04 17:00:00,,
2023-08-07 17:00:00,,
2023-08-08 17:00:00,,
2023-08-09 17:00:00,,
2023-08-10 17:00:00,,
2023-08-11 17:00:00,,
2023-08-14 17:00:00,32.11856974272083,
2023-08-15 17:00:00,0.0,
2023-08-16 17:00:00,0.0,
2023-08-17 17:00:00,0.0,
2023-08-18 17:00:00,0.0,
2023-08-21 17:00:00,0.0,
2023-08-22 17:00:00,0.0,
2023-08-23 17:00:00,1.6958790375090966,
2023-08-24 17:00:00,1.6958790375090966,
2023-08-25 17:00:00,1.6958790375090966,
2023-08-28 17:00:00,1.6958790375090966,
2023-08-29 17:00:00,1.6958790375090966,
2023-08-30 17:00:00,8.1676787140075,
2023-08-31 17:00:00,8.1676787140075,
2023-09-01 17:00:00,8.1676787140075,
2023-09-05 17:00:00,8.1676787140075,
2023-09-06 17:00:00,8.07870104386717,
2023-09-07 17:00:00,8.07870104386717,
2023-09-08 17:00:00,8.07870104386717,
2023-09-11 17:00:00,8.07870104386717,
2023-09-12 17:00:00,8.07870104386717,
2023-09-13 17:00:00,0.0,
2023-09-14 17:00:00,0.0,
2023-09-15 17:00:00,0.0,
2023-09-18 17:00:00,0.0,
2023-09-19 17:00:00,0.0,
2023-09-20 17:00:00,10.793284612051774,
2023-09-21 17:00:00,10.793284612051774,
2023-09-22 17:00:00,10.793284612051774,
2023-09-25 17:00:00,10.793284612051774,
2023-09-26 17:00:00,10.793284612051774,-21.325285130669055
2023-09-27 17:00:00,0.0,0.0
2023-09-28 17:00:00,0.0,0.0
2023-09-29 17:00:00,0.0,0.0
2023-10-02 17:00:00,0.0,0.0
2023-10-03 17:00:00,0.0,0.0
2023-10-04 17:00:00,0.0,0.0
2023-10-05 17:00:00,0.0,-1.6958790375090966
2023-10-06 17:00:00,0.0,-1.6958790375090966
2023-10-09 17:00:00,0.0,-1.6958790375090966
2023-10-10 17:00:00,0.0,-1.6958790375090966
2023-10-11 17:00:00,5.986755443030174,4.290876405521077
2023-10-12 17:00:00,5.986755443030174,-2.1809232709773267
2023-10-13 17:00:00,5.986755443030174,-2.1809232709773267
2023-10-16 17:00:00,5.986755443030174,-2.1809232709773267
2023-10-17 17:00:00,5.986755443030174,-2.1809232709773267
2023-10-18 17:00:00,0.0,-8.07870104386717
2023-10-19 17:00:00,0.0,-8.07870104386717
2023-10-20 17:00:00,0.0,-8.07870104386717
2023-10-23 17:00:00,0.0,-8.07870104386717
2023-10-24 17:00:00,0.0,-8.07870104386717
2023-10-25 17:00:00,0.0,0.0
2023-10-26 17:00:00,0.0,0.0
2023-10-27 17:00:00,0.0,0.0
2023-10-30 17:00:00,0.0,0.0
2023-10-31 17:00:00,0.0,0.0
2023-11-01 17:00:00,0.16160104105091708,-10.631683571000858
2023-11-02 17:00:00,0.16160104105091708,-10.631683571000858
2023-11-03 17:00:00,0.16160104105091708,-10.631683571000858
2023-11-06 17:00:00,0.16160104105091708,-10.631683571000858
2023-11-07 17:00:00,0.16160104105091708,-10.631683571000858
2023-11-08 17:00:00,14.901317048484565,14.901317048484565
2023-11-09 17:00:00,14.901317048484565,14.901317048484565
2023-11-10 17:00:00,14.901317048484565,14.901317048484565
2023-11-13 17:00:00,14.901317048484565,14.901317048484565
2023-11-14 17:00:00,14.901317048484565,14.901317048484565
2023-11-15 17:00:00,9.737100622164007,9.737100622164007
2023-11-16 17:00:00,9.737100622164007,9.737100622164007
2023-11-17 17:00:00,9.737100622164007,9.737100622164007
2023-11-20 17:00:00,9.737100622164007,9.737100622164007
2023-11-21 17:00:00,9.737100622164007,9.737100622164007
2023-11-22 17:00:00,14.609372009849158,8.622616566818984
2023-11-24 17:00:00,14.609372009849158,8.622616566818984
2023-11-27 17:00:00,14.609372009849158,8.622616566818984
2023-11-28 17:00:00,14.609372009849158,8.622616566818984
2023-11-29 17:00:00,12.055225029449664,6.06846958641949
2023-11-30 17:00:00,12.055225029449664,12.055225029449664
2023-12-01 17:00:00,12.055225029449664,12.055225029449664
2023-12-04 17:00:00,12.055225029449664,12.055225029449664
2023-12-05 17:00:00,12.055225029449664,12.055225029449664
2023-12-06 17:00:00,7.365817977690551,7.365817977690551
2023-12-07 17:00:00,7.365817977690551,7.365817977690551
2023-12-08 17:00:00,7.365817977690551,7.365817977690551
2023-12-11 17:00:00,7.365817977690551,7.365817977690551
2023-12-12 17:00:00,7.365817977690551,7.365817977690551
2023-12-13 17:00:00,11.956563341229103,11.956563341229103
2023-12-14 17:00:00,11.956563341229103,11.794962300178186
2023-12-15 17:00:00,11.956563341229103,11.794962300178186
2023-12-18 17:00:00,11.956563341229103,11.794962300178186
2023-12-19 17:00:00,11.956563341229103,11.794962300178186
2023-12-20 17:00:00,33.63300403577337,33.47140299472245
2023-12-21 17:00:00,33.63300403577337,18.731686987288803
2023-12-22 17:00:00,33.63300403577337,18.731686987288803
2023-12-26 17:00:00,33.63300403577337,18.731686987288803
2023-12-27 17:00:00,33.06973935453142,18.168422306046857
2023-12-28 17:00:00,33.06973935453142,18.168422306046857
2023-12-29 17:00:00,33.06973935453142,23.332638732367414
2024-01-02 17:00:00,33.06973935453142,23.332638732367414
2024-01-03 17:00:00,34.46397359949308,24.726872977329073
2024-01-04 17:00:00,34.46397359949308,24.726872977329073
2024-01-05 17:00:00,34.46397359949308,24.726872977329073
2024-01-08 17:00:00,34.46397359949308,19.85460158964392
2024-01-09 17:00:00,34.46397359949308,19.85460158964392
2024-01-10 17:00:00,10.680765648721863,-3.9286063611272954
2024-01-11 17:00:00,10.680765648721863,-3.9286063611272954
2024-01-12 17:00:00,10.680765648721863,-1.3744593807278012
2024-01-16 17:00:00,10.680765648721863,-1.3744593807278012
2024-01-17 17:00:00,29.166861580203022,17.11163655075336
2024-01-18 17:00:00,29.166861580203022,17.11163655075336
2024-01-19 17:00:00,29.166861580203022,17.11163655075336
2024-01-22 17:00:00,29.166861580203022,21.801043602512472
2024-01-23 17:00:00,29.166861580203022,21.801043602512472
2024-01-24 17:00:00,31.01698086728727,23.65116288959672
2024-01-25 17:00:00,31.01698086728727,23.65116288959672
2024-01-26 17:00:00,31.01698086728727,23.65116288959672
2024-01-29 17:00:00,31.01698086728727,19.060417526058167
2024-01-30 17:00:00,31.01698086728727,19.060417526058167
2024-01-31 17:00:00,37.621147622551,25.664584281321897
2024-02-01 17:00:00,37.621147622551,25.664584281321897
2024-02-02 17:00:00,37.621147622551,25.664584281321897
2024-02-05 17:00:00,37.621147622551,3.988143586777632
2024-02-06 17:00:00,37.621147622551,3.988143586777632
2024-02-07 17:00:00,41.798109267819704,8.165105232046336
2024-02-08 17:00:00,41.798109267819704,8.165105232046336
2024-02-09 17:00:00,41.798109267819704,8.728369913288283
2024-02-12 17:00:00,41.798109267819704,8.728369913288283
2024-02-13 17:00:00,41.798109267819704,8.728369913288283
2024-02-14 17:00:00,39.81509438776595,6.745355033234532
2024-02-15 17:00:00,39.81509438776595,5.351120788272873
2024-02-16 17:00:00,39.81509438776595,5.351120788272873
2024-02-20 17:00:00,39.81509438776595,5.351120788272873
2024-02-21 17:00:00,37.867589210153646,3.403615610660566
2024-02-22 17:00:00,37.867589210153646,3.403615610660566
2024-02-23 17:00:00,37.867589210153646,27.186823561431783
2024-02-26 17:00:00,37.867589210153646,27.186823561431783
2024-02-27 17:00:00,37.867589210153646,27.186823561431783
2024-02-28 17:00:00,37.41276733277482,26.732001684052957
2024-02-29 17:00:00,37.41276733277482,8.245905752571797
2024-03-01 17:00:00,37.41276733277482,8.245905752571797
2024-03-04 17:00:00,37.41276733277482,8.245905752571797
2024-03-05 17:00:00,37.41276733277482,8.245905752571797
2024-03-06 17:00:00,33.045711831322535,3.8788502511195126
2024-03-07 17:00:00,33.045711831322535,2.0287309640352653
2024-03-08 17:00:00,33.045711831322535,2.0287309640352653
2024-03-11 17:00:00,33.045711831322535,2.0287309640352653
2024-03-12 17:00:00,33.045711831322535,2.0287309640352653
2024-03-13 17:00:00,37.52269856727919,6.505717699991923
2024-03-14 17:00:00,37.52269856727919,-0.09844905527180714
2024-03-15 17:00:00,37.52269856727919,-0.09844905527180714
2024-03-18 17:00:00,37.52269856727919,-0.09844905527180714
2024-03-19 17:00:00,37.52269856727919,-0.09844905527180714
2024-03-20 17:00:00,30.797118398278524,-6.824029224272476
2024-03-21 17:00:00,30.797118398278524,-11.00099086954118
2024-03-22 17:00:00,30.797118398278524,-11.00099086954118
2024-03-25 17:00:00,30.797118398278524,-11.00099086954118
2024-03-26 17:00:00,30.797118398278524,-11.00099086954118
2024-03-27 17:00:00,23.27586573505084,-18.522243532768865
2024-03-28 17:00:00,23.27586573505084,-16.539228652715114
2024-04-01 17:00:00,23.27586573505084,-16.539228652715114
2024-04-02 17:00:00,23.27586573505084,-16.539228652715114
2024-04-03 17:00:00,3.003227768162043,-36.81186661960391
2024-04-04 17:00:00,3.003227768162043,-34.864361441991605
2024-04-05 17:00:00,3.003227768162043,-34.864361441991605
2024-04-08 17:00:00,3.003227768162043,-34.864361441991605
2024-04-09 17:00:00,3.003227768162043,-34.864361441991605
2024-04-10 17:00:00,0.0,-37.867589210153646
2024-04-11 17:00:00,0.0,-37.41276733277482
2024-04-12 17:00:00,0.0,-37.41276733277482
2024-04-15 17:00:00,0.0,-37.41276733277482
2024-04-16 17:00:00,0.0,-37.41276733277482
2024-04-17 17:00:00,0.0,-37.41276733277482
2024-04-18 17:00:00,0.0,-33.045711831322535
2024-04-19 17:00:00,0.0,-33.045711831322535
2024-04-22 17:00:00,0.0,-33.045711831322535
2024-04-23 17:00:00,0.0,-33.045711831322535
2024-04-24 17:00:00,0.0,-33.045711831322535
2024-04-25 17:00:00,0.0,-37.52269856727919
2024-04-26 17:00:00,0.0,-37.52269856727919
2024-04-29 17:00:00,0.0,-37.52269856727919
2024-04-30 17:00:00,0.0,-37.52269856727919
2024-05-01 17:00:00,6.292155668423636,-31.230542898855557
2024-05-02 17:00:00,6.292155668423636,-24.50496272985489
2024-05-03 17:00:00,6.292155668423636,-24.50496272985489
2024-05-06 17:00:00,6.292155668423636,-24.50496272985489
2024-05-07 17:00:00,6.292155668423636,-24.50496272985489
2024-05-08 17:00:00,15.15917436839438,-15.637944029884144
2024-05-09 17:00:00,15.15917436839438,-8.11669136665646
2024-05-10 17:00:00,15.15917436839438,-8.11669136665646
2024-05-13 17:00:00,15.15917436839438,-8.11669136665646
2024-05-14 17:00:00,15.15917436839438,-8.11669136665646
2024-05-15 17:00:00,18.689419336892033,15.68619156872999
2024-05-16 17:00:00,18.689419336892033,15.68619156872999
2024-05-17 17:00:00,18.689419336892033,15.68619156872999
2024-05-20 17:00:00,18.689419336892033,15.68619156872999
2024-05-21 17:00:00,18.689419336892033,15.68619156872999
2024-05-22 17:00:00,15.662284635392936,15.662284635392936
2024-05-23 17:00:00,15.662284635392936,15.662284635392936
2024-05-24 17:00:00,15.662284635392936,15.662284635392936
2024-05-28 17:00:00,15.662284635392936,15.662284635392936
2024-05-29 17:00:00,13.43018245940506,13.43018245940506
2024-05-30 17:00:00,13.43018245940506,13.43018245940506
2024-05-31 17:00:00,13.43018245940506,13.43018245940506
2024-06-03 17:00:00,13.43018245940506,13.43018245940506
2024-06-04 17:00:00,13.43018245940506,13.43018245940506
2024-06-05 17:00:00,22.838840048664366,22.838840048664366
2024-06-06 17:00:00,26.431288529709967,26.431288529709967
2024-06-07 17:00:00,26.431288529709967,26.431288529709967
2024-06-10 17:00:00,26.431288529709967,26.431288529709967
2024-06-11 17:00:00,26.431288529709967,26.431288529709967
2024-06-12 17:00:00,33.09947233261547,33.09947233261547
2024-06-13 17:00:00,35.92405546240424,29.631899793980605
2024-06-14 17:00:00,35.92405546240424,29.631899793980605
2024-06-17 17:00:00,35.92405546240424,29.631899793980605
2024-06-18 17:00:00,35.92405546240424,29.631899793980605
2024-06-20 17:00:00,45.606637339593824,39.314481671170185
2024-06-21 17:00:00,45.606637339593824,30.447462971199442
2024-06-24 17:00:00,45.606637339593824,30.447462971199442
2024-06-25 17:00:00,45.606637339593824,30.447462971199442
2024-06-26 17:00:00,32.7882752490142,17.629100880619816
2024-06-27 17:00:00,33.77219754524027,18.613023176845886
2024-06-28 17:00:00,33.77219754524027,15.082778208348234
2024-07-01 17:00:00,33.77219754524027,15.082778208348234
2024-07-02 17:00:00,33.77219754524027,15.082778208348234
2024-07-03 17:00:00,21.584324847164442,2.894905510272409
2024-07-05 17:00:00,21.584324847164442,2.894905510272409
2024-07-08 17:00:00,21.584324847164442,5.922040211771506
2024-07-09 17:00:00,21.584324847164442,5.922040211771506
2024-07-10 17:00:00,34.48143904889799,18.819154413505053
2024-07-11 17:00:00,34.48143904889799,18.819154413505053
2024-07-12 17:00:00,34.48143904889799,21.05125658949293
2024-07-15 17:00:00,34.48143904889799,21.05125658949293
2024-07-16 17:00:00,34.48143904889799,21.05125658949293
2024-07-17 17:00:00,35.868462817057484,22.438280357652424
2024-07-18 17:00:00,35.868462817057484,22.438280357652424
2024-07-19 17:00:00,35.868462817057484,13.029622768393118
2024-07-22 17:00:00,35.868462817057484,9.437174287347517
2024-07-23 17:00:00,35.868462817057484,9.437174287347517
2024-07-24 17:00:00,22.19848432202992,-4.232804207680047
2024-07-25 17:00:00,23.32570233173148,-3.105586197978486
2024-07-26 17:00:00,23.32570233173148,-9.773770000883989
2024-07-29 17:00:00,23.32570233173148,-12.59835313067276
2024-07-30 17:00:00,23.32570233173148,-12.59835313067276
2024-07-31 17:00:00,16.41709673281298,-19.50695872959126
2024-08-01 17:00:00,17.7343879079237,-18.18966755448054
2024-08-02 17:00:00,17.7343879079237,-27.872249431670124
2024-08-05 17:00:00,17.7343879079237,-27.872249431670124
2024-08-06 17:00:00,17.7343879079237,-27.872249431670124
2024-08-07 17:00:00,19.0207166345995,-26.585920704994326
2024-08-08 17:00:00,20.289434860100798,-12.4988403889134
2024-08-09 17:00:00,20.289434860100798,-13.48276268513947
2024-08-12 17:00:00,20.289434860100798,-13.48276268513947
2024-08-13 17:00:00,20.289434860100798,-13.48276268513947
2024-08-14 17:00:00,40.4881903641103,6.715992818870035
2024-08-15 17:00:00,40.4881903641103,18.90386551694586
2024-08-16 17:00:00,40.4881903641103,18.90386551694586
2024-08-19 17:00:00,40.4881903641103,18.90386551694586
2024-08-20 17:00:00,40.4881903641103,18.90386551694586
2024-08-21 17:00:00,52.762309225132114,18.280870176234124
2024-08-22 17:00:00,52.762309225132114,18.280870176234124
2024-08-23 17:00:00,52.762309225132114,18.280870176234124
2024-08-26 17:00:00,52.762309225132114,18.280870176234124
2024-08-27 17:00:00,52.762309225132114,18.280870176234124
2024-08-28 17:00:00,45.70580660566419,9.83734378860671
2024-08-29 17:00:00,45.70580660566419,9.83734378860671
2024-08-30 17:00:00,45.70580660566419,9.83734378860671
2024-09-03 17:00:00,45.70580660566419,9.83734378860671
2024-09-04 17:00:00,40.451804917152046,4.583342100094562
2024-09-05 17:00:00,40.451804917152046,18.253320595122126
2024-09-06 17:00:00,40.451804917152046,17.126102585420565
2024-09-09 17:00:00,40.451804917152046,17.126102585420565
2024-09-10 17:00:00,40.451804917152046,17.126102585420565
2024-09-11 17:00:00,49.6595970880272,26.333894756295717
2024-09-12 17:00:00,49.6595970880272,33.24250035521422
2024-09-13 17:00:00,49.6595970880272,31.925209180103497
2024-09-16 17:00:00,49.6595970880272,31.925209180103497
2024-09-17 17:00:00,49.6595970880272,31.925209180103497
2024-09-18 17:00:00,64.72516195787816,46.99077404995445
2024-09-19 17:00:00,64.72516195787816,45.70444532327866
2024-09-20 17:00:00,64.72516195787816,44.43572709777736
2024-09-23 17:00:00,64.72516195787816,44.43572709777736
2024-09-24 17:00:00,64.72516195787816,44.43572709777736
2024-09-25 17:00:00,36.96306592872432,16.67363106862352
2024-09-26 17:00:00,36.96306592872432,-3.525124435385983
2024-09-27 17:00:00,36.96306592872432,-3.525124435385983
2024-09-30 17:00:00,36.96306592872432,-3.525124435385983
2024-10-01 17:00:00,36.96306592872432,-3.525124435385983
2024-10-02 17:00:00,27.138710988689244,-13.349479375421058
2024-10-03 17:00:00,27.138710988689244,-25.62359823644287
2024-10-04 17:00:00,27.138710988689244,-25.62359823644287
2024-10-07 17:00:00,27.138710988689244,-25.62359823644287
2024-10-08 17:00:00,27.138710988689244,-25.62359823644287
2024-10-09 17:00:00,29.075383255303606,-23.686925969828508
2024-10-10 17:00:00,29.075383255303606,-16.630423350360587
2024-10-11 17:00:00,29.075383255303606,-16.630423350360587
2024-10-14 17:00:00,29.075383255303606,-16.630423350360587
2024-10-15 17:00:00,29.075383255303606,-16.630423350360587
2024-10-16 17:00:00,17.2131590243015,-23.238645892850545
2024-10-17 17:00:00,17.2131590243015,-23.238645892850545
2024-10-18 17:00:00,17.2131590243015,-23.238645892850545
2024-10-21 17:00:00,17.2131590243015,-23.238645892850545
2024-10-22 17:00:00,17.2131590243015,-23.238645892850545
2024-10-23 17:00:00,20.440946135325436,-29.21865095270176
2024-10-24 17:00:00,20.440946135325436,-29.21865095270176
2024-10-25 17:00:00,20.440946135325436,-29.21865095270176
2024-10-28 17:00:00,20.440946135325436,-29.21865095270176
2024-10-29 17:00:00,20.440946135325436,-29.21865095270176
2024-10-30 17:00:00,3.508637279733022,-61.216524678145134
2024-10-31 17:00:00,3.508637279733022,-61.216524678145134
2024-11-01 17:00:00,3.508637279733022,-61.216524678145134
2024-11-04 17:00:00,3.508637279733022,-61.216524678145134
2024-11-05 17:00:00,3.508637279733022,-61.216524678145134
2024-11-06 17:00:00,0.0,-36.96306592872432
2024-11-07 17:00:00,0.0,-36.96306592872432
2024-11-08 17:00:00,0.0,-36.96306592872432
2024-11-11 17:00:00,0.0,-36.96306592872432
2024-11-12 17:00:00,0.0,-36.96306592872432
2024-11-13 17:00:00,18.240937626569462,-8.897773362119782
2024-11-14 17:00:00,18.240937626569462,-8.897773362119782
2024-11-15 17:00:00,18.240937626569462,-8.897773362119782
2024-11-18 17:00:00,18.240937626569462,-8.897773362119782
2024-11-19 17:00:00,18.240937626569462,-8.897773362119782
2024-11-20 17:00:00,12.741747671121912,-16.333635584181692
2024-11-21 17:00:00,12.741747671121912,-16.333635584181692
2024-11-22 17:00:00,12.741747671121912,-16.333635584181692
2024-11-25 17:00:00,12.741747671121912,-16.333635584181692
2024-11-26 17:00:00,12.741747671121912,-16.333635584181692
2024-11-27 17:00:00,40.19238558120696,22.979226556905463
2024-11-29 17:00:00,40.19238558120696,22.979226556905463
2024-12-02 17:00:00,40.19238558120696,22.979226556905463
2024-12-03 17:00:00,40.19238558120696,22.979226556905463
2024-12-04 17:00:00,48.903908464965575,31.690749440664074
2024-12-05 17:00:00,48.903908464965575,28.46296232964014
2024-12-06 17:00:00,48.903908464965575,28.46296232964014
2024-12-09 17:00:00,48.903908464965575,28.46296232964014
2024-12-10 17:00:00,48.903908464965575,28.46296232964014
2024-12-11 17:00:00,42.12256986634265,21.681623731017215
2024-12-12 17:00:00,42.12256986634265,38.61393258660963
2024-12-13 17:00:00,42.12256986634265,38.61393258660963
2024-12-16 17:00:00,42.12256986634265,38.61393258660963
2024-12-17 17:00:00,42.12256986634265,38.61393258660963
2024-12-18 17:00:00,29.042881733495342,25.53424445376232
2024-12-19 17:00:00,29.042881733495342,29.042881733495342
2024-12-20 17:00:00,29.042881733495342,29.042881733495342
2024-12-23 17:00:00,29.042881733495342,29.042881733495342
2024-12-24 17:00:00,29.042881733495342,29.042881733495342
2024-12-26 17:00:00,42.98931753746456,42.98931753746456
2024-12-27 17:00:00,42.98931753746456,24.748379910895096
2024-12-30 17:00:00,42.98931753746456,24.748379910895096
2024-12-31 17:00:00,42.98931753746456,24.748379910895096
2025-01-02 17:00:00,38.23207776427704,19.991140137707575
2025-01-03 17:00:00,38.23207776427704,19.991140137707575
2025-01-06 17:00:00,38.23207776427704,25.490330093155123
2025-01-07 17:00:00,38.23207776427704,25.490330093155123
2025-01-08 17:00:00,44.553716079384365,31.81196840826245
2025-01-10 17:00:00,44.553716079384365,31.81196840826245
2025-01-13 17:00:00,44.553716079384365,31.81196840826245
2025-01-14 17:00:00,44.553716079384365,4.361330498177402
2025-01-15 17:00:00,37.34862292426084,-2.843762656946126
2025-01-16 17:00:00,37.34862292426084,-2.843762656946126
2025-01-17 17:00:00,37.34862292426084,-2.843762656946126
2025-01-21 17:00:00,37.34862292426084,-11.555285540704737
2025-01-22 17:00:00,43.73455852571892,-5.169349939246658
2025-01-23 17:00:00,43.73455852571892,-5.169349939246658
2025-01-24 17:00:00,43.73455852571892,-5.169349939246658
2025-01-27 17:00:00,43.73455852571892,-5.169349939246658
2025-01-28 17:00:00,43.73455852571892,1.6119886593762658
2025-01-29 17:00:00,38.95782705548805,-3.164742810854598
2025-01-30 17:00:00,38.95782705548805,-3.164742810854598
2025-01-31 17:00:00,38.95782705548805,-3.164742810854598
2025-02-03 17:00:00,38.95782705548805,-3.164742810854598
2025-02-04 17:00:00,38.95782705548805,9.914945321992711
2025-02-05 17:00:00,27.779718509518023,-1.263163223977319
2025-02-06 17:00:00,27.779718509518023,-1.263163223977319
2025-02-07 17:00:00,27.779718509518023,-1.263163223977319
2025-02-10 17:00:00,27.779718509518023,-1.263163223977319
2025-02-11 17:00:00,27.779718509518023,-15.209599027946535
2025-02-12 17:00:00,30.273390036452003,-12.715927501012555
2025-02-13 17:00:00,30.273390036452003,-12.715927501012555
2025-02-14 17:00:00,31.005356300263927,-11.983961237200631
2025-02-18 17:00:00,31.005356300263927,-7.22672146401311
2025-02-19 17:00:00,36.61184193469773,-1.6202358295793076
2025-02-20 17:00:00,36.61184193469773,-1.6202358295793076
2025-02-21 17:00:00,37.5023568934153,-0.7297208708617333
2025-02-24 17:00:00,37.5023568934153,-7.051359185969062
2025-02-25 17:00:00,37.5023568934153,-7.051359185969062
2025-02-26 17:00:00,33.30164252234069,-11.252073557043673
2025-02-27 17:00:00,33.30164252234069,-11.252073557043673
2025-02-28 17:00:00,33.44570896666871,-3.9029139575921263
2025-03-03 17:00:00,33.44570896666871,-3.9029139575921263
2025-03-04 17:00:00,33.44570896666871,-3.9029139575921263
2025-03-05 17:00:00,17.573006377139382,-19.775616547121455
2025-03-06 17:00:00,17.573006377139382,-26.161552148579535
2025-03-07 17:00:00,17.573006377139382,-26.161552148579535
2025-03-10 17:00:00,17.573006377139382,-26.161552148579535
2025-03-11 17:00:00,17.573006377139382,-26.161552148579535
2025-03-12 17:00:00,4.050857086466115,-39.6837014392528
2025-03-13 17:00:00,4.050857086466115,-34.90696996902194
2025-03-14 17:00:00,4.050857086466115,-34.90696996902194
2025-03-17 17:00:00,4.050857086466115,-34.90696996902194
2025-03-18 17:00:00,4.050857086466115,-34.90696996902194
2025-03-19 17:00:00,11.059842691894286,-27.897984363593768
2025-03-20 17:00:00,11.059842691894286,-16.719875817623738
2025-03-21 17:00:00,12.078834149424852,-15.700884360093172
2025-03-24 17:00:00,12.078834149424852,-15.700884360093172
2025-03-25 17:00:00,12.078834149424852,-15.700884360093172
2025-03-26 17:00:00,58.07260641474149,30.29288790522347
2025-03-27 17:00:00,58.07260641474149,27.79921637828949
2025-03-28 17:00:00,64.74340030721169,34.47001027075969
2025-03-31 17:00:00,64.74340030721169,33.73804400694776
2025-04-01 17:00:00,64.74340030721169,33.73804400694776
2025-04-02 17:00:00,57.48138381650435,20.86954188180662
2025-04-03 17:00:00,65.32753638165397,28.715694446956242
2025-04-04 17:00:00,65.32753638165397,27.825179488238668
2025-04-07 17:00:00,65.32753638165397,27.825179488238668
2025-04-08 17:00:00,65.32753638165397,27.825179488238668
2025-04-09 17:00:00,82.396557260276,49.094914737935305
2025-04-10 17:00:00,82.396557260276,49.094914737935305
2025-04-11 17:00:00,82.396557260276,48.95084829360729
2025-04-14 17:00:00,82.396557260276,48.95084829360729
2025-04-15 17:00:00,82.396557260276,48.95084829360729
2025-04-16 17:00:00,98.61006027008972,81.03705389295034
2025-04-17 17:00:00,98.61006027008972,81.03705389295034
2025-04-21 17:00:00,98.61006027008972,81.03705389295034
2025-04-22 17:00:00,98.61006027008972,81.03705389295034
2025-04-23 17:00:00,99.50211665011976,81.92911027298038
2025-04-24 17:00:00,99.50211665011976,95.45125956365365
2025-04-25 17:00:00,99.50211665011976,95.45125956365365
2025-04-28 17:00:00,99.50211665011976,95.45125956365365
2025-04-29 17:00:00,99.50211665011976,95.45125956365365
2025-04-30 17:00:00,100.0,95.94914291353389
2025-05-01 17:00:00,100.0,88.94015730810571
2025-05-02 17:00:00,100.0,88.94015730810571
2025-05-05 17:00:00,100.0,87.92116585057515
2025-05-06 17:00:00,100.0,87.92116585057515
2025-05-07 17:00:00,100.0,87.92116585057515
2025-05-08 17:00:00,100.0,41.92739358525851
2025-05-09 17:00:00,100.0,41.92739358525851
2025-05-12 17:00:00,100.0,35.25659969278831
2025-05-13 17:00:00,100.0,35.25659969278831
2025-05-14 17:00:00,100.0,35.25659969278831
2025-05-15 17:00:00,100.0,42.51861618349565
2025-05-16 17:00:00,100.0,34.67246361834603
2025-05-19 17:00:00,100.0,34.67246361834603
2025-05-20 17:00:00,100.0,34.67246361834603
2025-05-21 17:00:00,96.41470337876562,31.08716699711165
2025-05-22 17:00:00,96.41470337876562,14.018146118489625
2025-05-23 17:00:00,96.41470337876562,14.018146118489625
2025-05-27 17:00:00,96.41470337876562,14.018146118489625
2025-05-28 17:00:00,81.27994953725528,-1.1166077230207208
2025-05-29 17:00:00,81.27994953725528,-1.1166077230207208
2025-05-30 17:00:00,81.27994953725528,-17.33011073283444
2025-06-02 17:00:00,81.27994953725528,-17.33011073283444
2025-06-03 17:00:00,81.27994953725528,-17.33011073283444
2025-06-04 17:00:00,82.15389102353232,-16.456169246557394
2025-06-05 17:00:00,82.15389102353232,-17.348225626587435
2025-06-06 17:00:00,82.15389102353232,-17.348225626587435
2025-06-09 17:00:00,82.15389102353232,-17.348225626587435
2025-06-10 17:00:00,82.15389102353232,-17.348225626587435
2025-06-11 17:00:00,98.99481468167436,-0.5073019684454039
2025-06-12 17:00:00,98.99481468167436,-1.005185318325644
2025-06-13 17:00:00,98.99481468167436,-1.005185318325644
2025-06-16 17:00:00,98.99481468167436,-1.005185318325644
2025-06-17 17:00:00,98.99481468167436,-1.005185318325644
2025-06-18 17:00:00,100.0,0.0
2025-06-20 17:00:00,100.0,0.0
2025-06-23 17:00:00,100.0,0.0
2025-06-24 17:00:00,100.0,0.0
2025-06-25 17:00:00,89.20631922923945,-10.793680770760545
2025-06-26 17:00:00,89.20631922923945,-10.793680770760545
2025-06-27 17:00:00,89.20631922923945,-10.793680770760545
2025-06-30 17:00:00,89.20631922923945,-10.793680770760545
2025-07-01 17:00:00,89.20631922923945,-10.793680770760545
2025-07-02 17:00:00,67.60064439885198,-32.39935560114802
2025-07-03 17:00:00,67.60064439885198,-32.39935560114802
2025-07-07 17:00:00,67.60064439885198,-28.81405897991364
2025-07-08 17:00:00,67.60064439885198,-28.81405897991364
2025-07-09 17:00:00,84.44829786564341,-11.966405513122211
2025-07-10 17:00:00,84.44829786564341,-11.966405513122211
2025-07-11 17:00:00,84.44829786564341,3.1683483283881344
2025-07-14 17:00:00,84.44829786564341,3.1683483283881344
2025-07-15 17:00:00,84.44829786564341,3.1683483283881344
2025-07-16 17:00:00,94.43848308739159,13.158533550136312
2025-07-17 17:00:00,94.43848308739159,13.158533550136312
2025-07-18 17:00:00,94.43848308739159,12.284592063859264
2025-07-21 17:00:00,94.43848308739159,12.284592063859264
2025-07-22 17:00:00,94.43848308739159,12.284592063859264
2025-07-23 17:00:00,94.81991455706164,12.666023533529312
2025-07-24 17:00:00,94.81991455706164,12.666023533529312
2025-07-25 17:00:00,94.81991455706164,-4.174900124612719
2025-07-28 17:00:00,94.81991455706164,-4.174900124612719
2025-07-29 17:00:00,94.81991455706164,-4.174900124612719
2025-07-30 17:00:00,90.12255596283546,-8.872258718838893
2025-07-31 17:00:00,90.12255596283546,-8.872258718838893
2025-08-01 17:00:00,90.12255596283546,-9.877444037164537
2025-08-04 17:00:00,90.12255596283546,-9.877444037164537
2025-08-05 17:00:00,90.12255596283546,-9.877444037164537
2025-08-06 17:00:00,84.95219945460737,-15.047800545392633
2025-08-07 17:00:00,84.95219945460737,-4.254119774632088
2025-08-08 17:00:00,84.95219945460737,-4.254119774632088
2025-08-11 17:00:00,84.95219945460737,-4.254119774632088
2025-08-12 17:00:00,84.95219945460737,-4.254119774632088
2025-08-13 17:00:00,84.95219945460737,-4.254119774632088
2025-08-14 17:00:00,84.95219945460737,17.351555055755384
2025-08-15 17:00:00,66.72961859714485,-0.871025801707134
