date_time,close
2022-08-15 17:00:00,
2022-08-16 17:00:00,
2022-08-17 17:00:00,
2022-08-18 17:00:00,
2022-08-19 17:00:00,
2022-08-22 17:00:00,
2022-08-23 17:00:00,
2022-08-24 17:00:00,
2022-08-25 17:00:00,
2022-08-26 17:00:00,
2022-08-29 17:00:00,
2022-08-30 17:00:00,
2022-08-31 17:00:00,
2022-09-01 17:00:00,
2022-09-02 17:00:00,
2022-09-06 17:00:00,
2022-09-07 17:00:00,
2022-09-08 17:00:00,
2022-09-09 17:00:00,
2022-09-12 17:00:00,
2022-09-13 17:00:00,
2022-09-14 17:00:00,
2022-09-15 17:00:00,
2022-09-16 17:00:00,
2022-09-19 17:00:00,
2022-09-20 17:00:00,
2022-09-21 17:00:00,
2022-09-22 17:00:00,
2022-09-23 17:00:00,
2022-09-26 17:00:00,
2022-09-27 17:00:00,
2022-09-28 17:00:00,
2022-09-29 17:00:00,
2022-09-30 17:00:00,
2022-10-03 17:00:00,
2022-10-04 17:00:00,
2022-10-05 17:00:00,
2022-10-06 17:00:00,
2022-10-07 17:00:00,
2022-10-10 17:00:00,
2022-10-11 17:00:00,
2022-10-12 17:00:00,
2022-10-13 17:00:00,
2022-10-14 17:00:00,
2022-10-17 17:00:00,
2022-10-18 17:00:00,
2022-10-19 17:00:00,
2022-10-20 17:00:00,
2022-10-21 17:00:00,
2022-10-24 17:00:00,
2022-10-25 17:00:00,
2022-10-26 17:00:00,
2022-10-27 17:00:00,
2022-10-28 17:00:00,
2022-10-31 17:00:00,
2022-11-01 17:00:00,
2022-11-02 17:00:00,
2022-11-03 17:00:00,
2022-11-04 17:00:00,
2022-11-07 17:00:00,
2022-11-08 17:00:00,
2022-11-09 17:00:00,
2022-11-10 17:00:00,
2022-11-11 17:00:00,
2022-11-14 17:00:00,
2022-11-15 17:00:00,
2022-11-16 17:00:00,
2022-11-17 17:00:00,
2022-11-18 17:00:00,
2022-11-21 17:00:00,
2022-11-22 17:00:00,
2022-11-23 17:00:00,
2022-11-25 17:00:00,
2022-11-28 17:00:00,
2022-11-29 17:00:00,
2022-11-30 17:00:00,
2022-12-01 17:00:00,
2022-12-02 17:00:00,
2022-12-05 17:00:00,
2022-12-06 17:00:00,
2022-12-07 17:00:00,
2022-12-08 17:00:00,
2022-12-09 17:00:00,
2022-12-12 17:00:00,
2022-12-13 17:00:00,
2022-12-14 17:00:00,
2022-12-15 17:00:00,
2022-12-16 17:00:00,
2022-12-19 17:00:00,
2022-12-20 17:00:00,
2022-12-21 17:00:00,
2022-12-22 17:00:00,
2022-12-23 17:00:00,
2022-12-27 17:00:00,
2022-12-28 17:00:00,
2022-12-29 17:00:00,
2022-12-30 17:00:00,
2023-01-03 17:00:00,
2023-01-04 17:00:00,
2023-01-05 17:00:00,
2023-01-06 17:00:00,
2023-01-09 17:00:00,
2023-01-10 17:00:00,
2023-01-11 17:00:00,
2023-01-12 17:00:00,
2023-01-13 17:00:00,
2023-01-17 17:00:00,
2023-01-18 17:00:00,
2023-01-19 17:00:00,
2023-01-20 17:00:00,
2023-01-23 17:00:00,
2023-01-24 17:00:00,
2023-01-25 17:00:00,
2023-01-26 17:00:00,
2023-01-27 17:00:00,
2023-01-30 17:00:00,
2023-01-31 17:00:00,
2023-02-01 17:00:00,
2023-02-02 17:00:00,
2023-02-03 17:00:00,
2023-02-06 17:00:00,
2023-02-07 17:00:00,
2023-02-08 17:00:00,
2023-02-09 17:00:00,
2023-02-10 17:00:00,
2023-02-13 17:00:00,
2023-02-14 17:00:00,
2023-02-15 17:00:00,
2023-02-16 17:00:00,
2023-02-17 17:00:00,
2023-02-21 17:00:00,
2023-02-22 17:00:00,
2023-02-23 17:00:00,
2023-02-24 17:00:00,
2023-02-27 17:00:00,
2023-02-28 17:00:00,
2023-03-01 17:00:00,
2023-03-02 17:00:00,
2023-03-03 17:00:00,
2023-03-06 17:00:00,
2023-03-07 17:00:00,
2023-03-08 17:00:00,
2023-03-09 17:00:00,
2023-03-10 17:00:00,
2023-03-13 17:00:00,
2023-03-14 17:00:00,
2023-03-15 17:00:00,
2023-03-16 17:00:00,
2023-03-17 17:00:00,
2023-03-20 17:00:00,
2023-03-21 17:00:00,
2023-03-22 17:00:00,
2023-03-23 17:00:00,
2023-03-24 17:00:00,
2023-03-27 17:00:00,
2023-03-28 17:00:00,
2023-03-29 17:00:00,
2023-03-30 17:00:00,
2023-03-31 17:00:00,
2023-04-03 17:00:00,
2023-04-04 17:00:00,
2023-04-05 17:00:00,
2023-04-06 17:00:00,
2023-04-07 17:00:00,
2023-04-10 17:00:00,
2023-04-11 17:00:00,
2023-04-12 17:00:00,
2023-04-13 17:00:00,
2023-04-14 17:00:00,
2023-04-17 17:00:00,
2023-04-18 17:00:00,
2023-04-19 17:00:00,
2023-04-20 17:00:00,
2023-04-21 17:00:00,
2023-04-24 17:00:00,
2023-04-25 17:00:00,
2023-04-26 17:00:00,
2023-04-27 17:00:00,
2023-04-28 17:00:00,
2023-05-01 17:00:00,
2023-05-02 17:00:00,
2023-05-03 17:00:00,
2023-05-04 17:00:00,
2023-05-05 17:00:00,
2023-05-08 17:00:00,
2023-05-09 17:00:00,
2023-05-10 17:00:00,
2023-05-11 17:00:00,
2023-05-12 17:00:00,
2023-05-15 17:00:00,
2023-05-16 17:00:00,
2023-05-17 17:00:00,
2023-05-18 17:00:00,
2023-05-19 17:00:00,
2023-05-22 17:00:00,
2023-05-23 17:00:00,
2023-05-24 17:00:00,
2023-05-25 17:00:00,208.481497379958
2023-05-26 17:00:00,250.320006132024
2023-05-30 17:00:00,223.4269777063455
2023-05-31 17:00:00,190.44532819890492
2023-06-01 17:00:00,235.93492217938228
2023-06-02 17:00:00,277.4194401376981
2023-06-05 17:00:00,235.13043403173333
2023-06-06 17:00:00,236.7609679725242
2023-06-07 17:00:00,211.739445837522
2023-06-08 17:00:00,238.66660491639595
2023-06-09 17:00:00,231.64467643697526
2023-06-12 17:00:00,262.87589063133373
2023-06-13 17:00:00,268.01148397433917
2023-06-14 17:00:00,247.59214363298406
2023-06-15 17:00:00,291.0897391776398
2023-06-16 17:00:00,241.6829089003686
2023-06-20 17:00:00,220.79169086693446
2023-06-21 17:00:00,200.45987020036046
2023-06-22 17:00:00,226.42370847692246
2023-06-23 17:00:00,185.7133523800676
2023-06-26 17:00:00,182.20314530811265
2023-06-27 17:00:00,242.6932018144612
2023-06-28 17:00:00,220.13897026649147
2023-06-29 17:00:00,234.01954198570775
2023-06-30 17:00:00,274.8300739000588
2023-07-03 17:00:00,248.412810981843
2023-07-05 17:00:00,228.64981181489384
2023-07-06 17:00:00,190.28568726396134
2023-07-07 17:00:00,192.67947021707937
2023-07-10 17:00:00,211.43619691309095
2023-07-11 17:00:00,237.2539154396227
2023-07-12 17:00:00,255.6378758177625
2023-07-13 17:00:00,270.10220389126175
2023-07-14 17:00:00,238.3921095034966
2023-07-17 17:00:00,250.11579502663608
2023-07-18 17:00:00,271.20479605882474
2023-07-19 17:00:00,257.95214140224834
2023-07-20 17:00:00,213.7782098127259
2023-07-21 17:00:00,222.51955597636697
2023-07-24 17:00:00,241.19516920154229
2023-07-25 17:00:00,242.9473085734162
2023-07-26 17:00:00,232.03038925978626
2023-07-27 17:00:00,197.10953088324368
2023-07-28 17:00:00,251.94386791415582
2023-07-31 17:00:00,240.3213333311337
2023-08-01 17:00:00,217.68783964641125
2023-08-02 17:00:00,156.07254071768875
2023-08-03 17:00:00,171.2854421766342
2023-08-04 17:00:00,161.7735376906969
2023-08-07 17:00:00,217.86712541230827
2023-08-08 17:00:00,183.7911121221623
2023-08-09 17:00:00,158.22864106203042
2023-08-10 17:00:00,175.95328769381103
2023-08-11 17:00:00,175.52362111014918
2023-08-14 17:00:00,205.4443693859639
2023-08-15 17:00:00,142.65290591616804
2023-08-16 17:00:00,132.5113479489023
2023-08-17 17:00:00,119.52432586514442
2023-08-18 17:00:00,142.36883876655565
2023-08-21 17:00:00,181.0535194409258
2023-08-22 17:00:00,157.63111007828002
2023-08-23 17:00:00,211.31498888165106
2023-08-24 17:00:00,128.35451110094118
2023-08-25 17:00:00,182.3523044570793
2023-08-28 17:00:00,201.73873558943478
2023-08-29 17:00:00,251.29898684533464
2023-08-30 17:00:00,232.84025906102715
2023-08-31 17:00:00,205.96715406806925
2023-09-01 17:00:00,208.24413349937367
2023-09-05 17:00:00,183.10082275326704
2023-09-06 17:00:00,158.34093596514504
2023-09-07 17:00:00,158.6021494605293
2023-09-08 17:00:00,174.92302505268412
2023-09-11 17:00:00,203.4622477142666
2023-09-12 17:00:00,164.25843985721303
2023-09-13 17:00:00,177.6780393861618
2023-09-14 17:00:00,214.85868848164773
2023-09-15 17:00:00,139.1095387398409
2023-09-18 17:00:00,166.29549024607059
2023-09-19 17:00:00,157.61977200875435
2023-09-20 17:00:00,121.77387261802551
2023-09-21 17:00:00,70.40644093997435
2023-09-22 17:00:00,103.34496216722505
2023-09-25 17:00:00,139.25356715308953
2023-09-26 17:00:00,74.4591660387614
2023-09-27 17:00:00,107.96151263282081
2023-09-28 17:00:00,142.91004627774896
2023-09-29 17:00:00,124.89928017711873
2023-10-02 17:00:00,130.67788485282153
2023-10-03 17:00:00,74.76256871750684
2023-10-04 17:00:00,139.76695595371666
2023-10-05 17:00:00,125.41771576587234
2023-10-06 17:00:00,180.63229432183925
2023-10-09 17:00:00,184.76886247372704
2023-10-10 17:00:00,189.2627703939238
2023-10-11 17:00:00,190.93995167954245
2023-10-12 17:00:00,147.17791051951122
2023-10-13 17:00:00,133.35813972104188
2023-10-16 17:00:00,189.39075692154051
2023-10-17 17:00:00,170.98820043654678
2023-10-18 17:00:00,106.77385668187435
2023-10-19 17:00:00,95.02383274341355
2023-10-20 17:00:00,66.15831011853561
2023-10-23 17:00:00,94.25202774176023
2023-10-24 17:00:00,137.91349559671949
2023-10-25 17:00:00,68.41531104573642
2023-10-26 17:00:00,46.51235588521831
2023-10-27 17:00:00,63.2592705172483
2023-10-30 17:00:00,132.25798870086055
2023-10-31 17:00:00,143.80677384739056
2023-11-01 17:00:00,174.06954847628776
2023-11-02 17:00:00,229.78559710770696
2023-11-03 17:00:00,224.355137268803
2023-11-06 17:00:00,199.98823872177445
2023-11-07 17:00:00,196.28749758718095
2023-11-08 17:00:00,186.50937134610194
2023-11-09 17:00:00,141.33272365190714
2023-11-10 17:00:00,223.710007437875
2023-11-13 17:00:00,185.8122393475944
2023-11-14 17:00:00,265.56137611226177
2023-11-15 17:00:00,226.85080706158078
2023-11-16 17:00:00,213.09846568226885
2023-11-17 17:00:00,206.7204843514446
2023-11-20 17:00:00,233.17185244258326
2023-11-21 17:00:00,199.83675309150658
2023-11-22 17:00:00,213.29150279152282
2023-11-24 17:00:00,202.53695041104857
2023-11-27 17:00:00,189.65999540303847
2023-11-28 17:00:00,191.54353237690952
2023-11-29 17:00:00,184.77691552119722
2023-11-30 17:00:00,201.93302845783592
2023-12-01 17:00:00,215.73549318985533
2023-12-04 17:00:00,175.8361827916865
2023-12-05 17:00:00,180.99196551724708
2023-12-06 17:00:00,162.31232939744837
2023-12-07 17:00:00,204.4146312540729
2023-12-08 17:00:00,206.96382219225188
2023-12-11 17:00:00,212.13330526612845
2023-12-12 17:00:00,217.1163024432867
2023-12-13 17:00:00,266.0570109577384
2023-12-14 17:00:00,241.90643096654594
2023-12-15 17:00:00,217.69891584047855
2023-12-18 17:00:00,237.34075011417576
2023-12-19 17:00:00,247.32400641341792
2023-12-20 17:00:00,156.32960397571992
2023-12-21 17:00:00,230.5572262397027
2023-12-22 17:00:00,219.11632893986643
2023-12-26 17:00:00,229.17516414226566
2023-12-27 17:00:00,223.33646963243655
2023-12-28 17:00:00,212.21370247527238
2023-12-29 17:00:00,195.7671811801797
2024-01-02 17:00:00,165.85508909482678
2024-01-03 17:00:00,140.3423187700887
2024-01-04 17:00:00,146.31082276698544
2024-01-05 17:00:00,165.6990797457811
2024-01-08 17:00:00,234.09302114198408
2024-01-09 17:00:00,193.8877706796643
2024-01-10 17:00:00,218.17940182934217
2024-01-11 17:00:00,197.01570342049217
2024-01-12 17:00:00,195.05145428422657
2024-01-16 17:00:00,173.93182925170595
2024-01-17 17:00:00,153.52331114166373
2024-01-18 17:00:00,207.6668774078687
2024-01-19 17:00:00,248.97945176036592
2024-01-22 17:00:00,227.47136116154138
2024-01-23 17:00:00,226.3380532218457
2024-01-24 17:00:00,215.7527826966566
2024-01-25 17:00:00,233.5339309501278
2024-01-26 17:00:00,209.55600895889074
2024-01-29 17:00:00,244.95341692016882
2024-01-30 17:00:00,219.07564003149673
2024-01-31 17:00:00,132.86278988261301
2024-02-01 17:00:00,226.90141371683603
2024-02-02 17:00:00,256.4861838120196
2024-02-05 17:00:00,207.50960545013322
2024-02-06 17:00:00,220.19986038664274
2024-02-07 17:00:00,251.35661085469337
2024-02-08 17:00:00,229.46103022107718
2024-02-09 17:00:00,246.4392860228411
2024-02-12 17:00:00,225.34693791130076
2024-02-13 17:00:00,149.69181246828566
2024-02-14 17:00:00,227.18074894684605
2024-02-15 17:00:00,237.73059795272047
2024-02-16 17:00:00,192.51958939338328
2024-02-20 17:00:00,171.54898431296783
2024-02-21 17:00:00,190.0168257461296
2024-02-22 17:00:00,291.55058840782954
2024-02-23 17:00:00,244.49179781864405
2024-02-26 17:00:00,208.27056998164153
2024-02-27 17:00:00,221.25137553218065
2024-02-28 17:00:00,202.16788400209862
2024-02-29 17:00:00,230.40099180633024
2024-03-01 17:00:00,258.59328107900546
2024-03-04 17:00:00,225.01633775756363
2024-03-05 17:00:00,168.03430505461756
2024-03-06 17:00:00,216.21584101860208
2024-03-07 17:00:00,256.6010590452074
2024-03-08 17:00:00,196.27332323455084
2024-03-11 17:00:00,197.84740470459997
2024-03-12 17:00:00,256.1582625529927
2024-03-13 17:00:00,219.21485629989684
2024-03-14 17:00:00,201.2136894758096
2024-03-15 17:00:00,169.78534283015097
2024-03-18 17:00:00,218.5362524747252
2024-03-19 17:00:00,232.62932057877515
2024-03-20 17:00:00,260.9898078522101
2024-03-21 17:00:00,248.95009899159322
2024-03-22 17:00:00,223.0016025154482
2024-03-25 17:00:00,205.47982172086108
2024-03-26 17:00:00,196.46966096901633
2024-03-27 17:00:00,244.92673957802253
2024-03-28 17:00:00,223.78472099845476
2024-04-01 17:00:00,204.3139732724469
2024-04-02 17:00:00,172.51788465728532
2024-04-03 17:00:00,194.83753288588287
2024-04-04 17:00:00,125.55368146349974
2024-04-05 17:00:00,215.9791198606015
2024-04-08 17:00:00,196.68595060503867
2024-04-09 17:00:00,200.4020700243109
2024-04-10 17:00:00,142.97502251721653
2024-04-11 17:00:00,202.88455908719516
2024-04-12 17:00:00,114.70724531453652
2024-04-15 17:00:00,86.92229417391377
2024-04-16 17:00:00,115.58995558943752
2024-04-17 17:00:00,103.00005697557344
2024-04-18 17:00:00,112.58478492854283
2024-04-19 17:00:00,82.40443803695757
2024-04-22 17:00:00,155.48452470757456
2024-04-23 17:00:00,202.54882754081837
2024-04-24 17:00:00,174.45208085445574
2024-04-25 17:00:00,142.64463105446157
2024-04-26 17:00:00,202.0080777512312
2024-04-29 17:00:00,194.81045086560107
2024-04-30 17:00:00,101.79554826703861
2024-05-01 17:00:00,116.84004454475598
2024-05-02 17:00:00,179.59569527200165
2024-05-03 17:00:00,226.25266648551633
2024-05-06 17:00:00,243.94820309115767
2024-05-07 17:00:00,216.64694144011582
2024-05-08 17:00:00,198.51761404538865
2024-05-09 17:00:00,222.59945636124485
2024-05-10 17:00:00,211.48905792939877
2024-05-13 17:00:00,200.62313171318738
2024-05-14 17:00:00,220.04647765443679
2024-05-15 17:00:00,268.24254464326805
2024-05-16 17:00:00,218.19587130834498
2024-05-17 17:00:00,220.06662755310822
2024-05-20 17:00:00,216.01685046298098
2024-05-21 17:00:00,222.55374723782165
2024-05-22 17:00:00,194.5054936520064
2024-05-23 17:00:00,155.62067684820158
2024-05-24 17:00:00,212.049800598028
2024-05-28 17:00:00,200.9408596539688
2024-05-29 17:00:00,155.15890213728107
2024-05-30 17:00:00,142.0850908244147
2024-05-31 17:00:00,203.3892050851873
2024-06-03 17:00:00,188.82937076966505
2024-06-04 17:00:00,191.62549011503143
2024-06-05 17:00:00,248.53457216953166
2024-06-06 17:00:00,213.53668447085693
2024-06-07 17:00:00,197.18711508562546
2024-06-10 17:00:00,212.11221674347144
2024-06-11 17:00:00,214.92179910738014
2024-06-12 17:00:00,248.178117365861
2024-06-13 17:00:00,233.20817688006582
2024-06-14 17:00:00,218.42322084131138
2024-06-17 17:00:00,256.6244353054776
2024-06-18 17:00:00,244.038848174544
2024-06-20 17:00:00,213.4136043475014
2024-06-21 17:00:00,203.8127842931708
2024-06-24 17:00:00,188.88747098597514
2024-06-25 17:00:00,216.15508450745074
2024-06-26 17:00:00,213.1275141465826
2024-06-27 17:00:00,209.30420350129134
2024-06-28 17:00:00,180.61473921112747
2024-07-01 17:00:00,202.6440951776549
2024-07-02 17:00:00,232.63709696964997
2024-07-03 17:00:00,234.97866159740352
2024-07-05 17:00:00,249.8259383557754
2024-07-08 17:00:00,231.93697805217198
2024-07-09 17:00:00,228.39006071852282
2024-07-10 17:00:00,276.9304151153883
2024-07-11 17:00:00,195.85682945712233
2024-07-12 17:00:00,234.6153257217802
2024-07-15 17:00:00,240.21601244846602
2024-07-16 17:00:00,260.79216410302615
2024-07-17 17:00:00,159.9727358855323
2024-07-18 17:00:00,146.636362829041
2024-07-19 17:00:00,132.90413064665836
2024-07-22 17:00:00,216.99935093128715
2024-07-23 17:00:00,184.92172298909918
2024-07-24 17:00:00,60.18135198685832
2024-07-25 17:00:00,93.1353827589162
2024-07-26 17:00:00,181.98432317517472
2024-07-29 17:00:00,168.6040284165192
2024-07-30 17:00:00,135.4005592123076
2024-07-31 17:00:00,236.29494685699592
2024-08-01 17:00:00,120.09235387444096
2024-08-02 17:00:00,46.40089239484769
2024-08-05 17:00:00,-54.03398898644264
2024-08-06 17:00:00,89.62762200487578
2024-08-07 17:00:00,54.34565395507434
2024-08-08 17:00:00,203.33605416770342
2024-08-09 17:00:00,176.47127252565588
2024-08-12 17:00:00,157.33754379535526
2024-08-13 17:00:00,241.9816506833631
2024-08-14 17:00:00,213.53256641223493
2024-08-15 17:00:00,283.11570746916186
2024-08-16 17:00:00,240.49716582088286
2024-08-19 17:00:00,270.88166225065834
2024-08-20 17:00:00,224.65468804192142
2024-08-21 17:00:00,238.6228548842364
2024-08-22 17:00:00,173.70335261775767
2024-08-23 17:00:00,248.35789463506262
2024-08-26 17:00:00,204.38885109013518
2024-08-27 17:00:00,211.62612657439695
2024-08-28 17:00:00,170.23915708365894
2024-08-29 17:00:00,183.6326453843567
2024-08-30 17:00:00,236.33006935664002
2024-09-03 17:00:00,91.50985346588732
2024-09-04 17:00:00,132.4410630507075
2024-09-05 17:00:00,131.54529697481757
2024-09-06 17:00:00,53.80655539478312
2024-09-09 17:00:00,165.59902374056128
2024-09-10 17:00:00,174.6916850218165
2024-09-11 17:00:00,219.8667472612724
2024-09-12 17:00:00,230.2996357483603
2024-09-13 17:00:00,229.65799109211366
2024-09-16 17:00:00,215.34995440341345
2024-09-17 17:00:00,203.98955788307012
2024-09-18 17:00:00,177.34123804581168
2024-09-19 17:00:00,281.4622655793801
2024-09-20 17:00:00,216.07715988604673
2024-09-23 17:00:00,225.5634872812343
2024-09-24 17:00:00,228.23999889778815
2024-09-25 17:00:00,201.92098906379306
2024-09-26 17:00:00,228.08829326026034
2024-09-27 17:00:00,199.73233250599424
2024-09-30 17:00:00,223.91603055584187
2024-10-01 17:00:00,155.98035192817133
2024-10-02 17:00:00,178.91904679688923
2024-10-03 17:00:00,171.53548129720093
2024-10-04 17:00:00,228.27108953870197
2024-10-07 17:00:00,149.14786753960198
2024-10-08 17:00:00,226.57057694094465
2024-10-09 17:00:00,243.14336659390938
2024-10-10 17:00:00,204.7744649716833
2024-10-11 17:00:00,233.48361696899156
2024-10-14 17:00:00,263.4642042221685
2024-10-15 17:00:00,187.3790092402469
2024-10-16 17:00:00,224.36642443782966
2024-10-17 17:00:00,214.48328399326329
2024-10-18 17:00:00,225.32094315355607
2024-10-21 17:00:00,203.9900498269917
2024-10-22 17:00:00,200.50786723588544
2024-10-23 17:00:00,145.71533242315036
2024-10-24 17:00:00,182.9606782123701
2024-10-25 17:00:00,179.74168303779243
2024-10-28 17:00:00,197.39192217589425
2024-10-29 17:00:00,199.6773425049587
2024-10-30 17:00:00,174.0458783832364
2024-10-31 17:00:00,67.71017942746221
2024-11-01 17:00:00,145.0759264151916
2024-11-04 17:00:00,134.3946745682315
2024-11-05 17:00:00,215.2524467215851
2024-11-06 17:00:00,331.442987508387
2024-11-07 17:00:00,298.1473691630481
2024-11-08 17:00:00,276.2396750674634
2024-11-11 17:00:00,255.83319526260198
2024-11-12 17:00:00,221.69919345253038
2024-11-13 17:00:00,225.46597385863674
2024-11-14 17:00:00,182.5106745911653
2024-11-15 17:00:00,115.80941683037872
2024-11-18 17:00:00,181.73219360816802
2024-11-19 17:00:00,198.61327475265898
2024-11-20 17:00:00,189.54614227829825
2024-11-21 17:00:00,221.14873705412083
2024-11-22 17:00:00,220.47851362940037
2024-11-25 17:00:00,226.94550520004213
2024-11-26 17:00:00,244.17715583984682
2024-11-27 17:00:00,199.65789259917346
2024-11-29 17:00:00,240.4190160427397
2024-12-02 17:00:00,230.83053752663022
2024-12-03 17:00:00,220.84244450397
2024-12-04 17:00:00,250.12377816850858
2024-12-05 17:00:00,219.00331886006006
2024-12-06 17:00:00,226.88064255927952
2024-12-09 17:00:00,185.2024944998766
2024-12-10 17:00:00,178.30546131157917
2024-12-11 17:00:00,235.76191733526957
2024-12-12 17:00:00,182.63079077467614
2024-12-13 17:00:00,188.04309477521383
2024-12-16 17:00:00,219.89094472019383
2024-12-17 17:00:00,179.46818254626305
2024-12-18 17:00:00,2.099998883742046
2024-12-19 17:00:00,90.46993573712552
2024-12-20 17:00:00,184.72208223291113
2024-12-23 17:00:00,197.22284211876104
2024-12-24 17:00:00,240.8404555401221
2024-12-26 17:00:00,203.38411769022332
2024-12-27 17:00:00,127.40043569053523
2024-12-30 17:00:00,89.10615063179466
2024-12-31 17:00:00,106.14461011431945
2025-01-02 17:00:00,109.34446258022035
2025-01-03 17:00:00,200.3631528272549
2025-01-06 17:00:00,202.09324055032175
2025-01-07 17:00:00,115.61534286004962
2025-01-08 17:00:00,148.33436039546723
2025-01-10 17:00:00,58.557031804940834
2025-01-13 17:00:00,115.3242006912451
2025-01-14 17:00:00,131.84966300783162
2025-01-15 17:00:00,240.3889934560002
2025-01-16 17:00:00,176.30658556389108
2025-01-17 17:00:00,229.93246485579766
2025-01-21 17:00:00,248.4443641065418
2025-01-22 17:00:00,250.1403803408357
2025-01-23 17:00:00,252.29197311976804
2025-01-24 17:00:00,206.9412225215665
2025-01-27 17:00:00,119.38387610281961
2025-01-28 17:00:00,208.74356169781186
2025-01-29 17:00:00,161.4745832439428
2025-01-30 17:00:00,204.28034868264967
2025-01-31 17:00:00,157.9894748780339
2025-02-03 17:00:00,125.28102959909029
2025-02-04 17:00:00,190.38343818277167
2025-02-05 17:00:00,199.55755753296853
2025-02-06 17:00:00,204.99663920262628
2025-02-07 17:00:00,134.80005947324935
2025-02-10 17:00:00,197.72217171542206
2025-02-11 17:00:00,185.9764072130347
2025-02-12 17:00:00,161.4595337917449
2025-02-13 17:00:00,231.55693756827168
2025-02-14 17:00:00,198.07749661008438
2025-02-18 17:00:00,206.77116471372483
2025-02-19 17:00:00,212.00527342117903
2025-02-20 17:00:00,173.04732125417286
2025-02-21 17:00:00,73.96066071051973
2025-02-24 17:00:00,99.66262955749062
2025-02-25 17:00:00,95.81562338430263
2025-02-26 17:00:00,121.3713830542556
2025-02-27 17:00:00,35.47709374935903
2025-02-28 17:00:00,174.80200955456985
2025-03-03 17:00:00,43.99122883950713
2025-03-04 17:00:00,21.43266034210228
2025-03-05 17:00:00,131.67280363319333
2025-03-06 17:00:00,11.679908751716539
2025-03-07 17:00:00,95.3157662526778
2025-03-10 17:00:00,-59.349371280105515
2025-03-11 17:00:00,-20.45401253228556
2025-03-12 17:00:00,52.70871692804667
2025-03-13 17:00:00,-19.91516576710228
2025-03-14 17:00:00,139.27154041127778
2025-03-17 17:00:00,139.18109162383416
2025-03-18 17:00:00,52.182031731710595
2025-03-19 17:00:00,139.47629595475837
2025-03-20 17:00:00,98.93721624459613
2025-03-21 17:00:00,109.34829354605608
2025-03-24 17:00:00,205.17319868863706
2025-03-25 17:00:00,168.00483439591562
2025-03-26 17:00:00,84.1041960767534
2025-03-27 17:00:00,90.73726558788303
2025-03-28 17:00:00,-10.655417693717936
2025-03-31 17:00:00,82.16988692150176
2025-04-01 17:00:00,105.19747766652745
2025-04-02 17:00:00,137.37877143381002
2025-04-03 17:00:00,-159.82702873045127
2025-04-04 17:00:00,-345.6823239807991
2025-04-07 17:00:00,-163.33263311677956
2025-04-08 17:00:00,-176.16522668462517
2025-04-09 17:00:00,365.9599341947296
2025-04-10 17:00:00,-27.435073495711094
2025-04-11 17:00:00,117.69837341675247
2025-04-14 17:00:00,131.63327990962944
2025-04-15 17:00:00,88.25635027815679
2025-04-16 17:00:00,-35.81860783594311
2025-04-17 17:00:00,30.806059823647956
2025-04-21 17:00:00,-85.96282547372948
2025-04-22 17:00:00,114.832514465234
2025-04-23 17:00:00,157.52640427589495
2025-04-24 17:00:00,218.88506048261752
2025-04-25 17:00:00,191.5909746260304
2025-04-28 17:00:00,157.40628750128326
2025-04-29 17:00:00,172.74877694470933
2025-04-30 17:00:00,152.51126339163784
2025-05-01 17:00:00,178.15512176439051
2025-05-02 17:00:00,239.9279169192796
2025-05-05 17:00:00,151.3297018332869
2025-05-06 17:00:00,108.11391990973698
2025-05-07 17:00:00,153.08590956478588
2025-05-08 17:00:00,174.5194865564299
2025-05-09 17:00:00,148.39732833102676
2025-05-12 17:00:00,332.3416027013918
2025-05-13 17:00:00,275.38403749838494
2025-05-14 17:00:00,233.97758892985348
2025-05-15 17:00:00,238.2819069849586
2025-05-16 17:00:00,256.3871341516642
2025-05-19 17:00:00,231.00561503111544
2025-05-20 17:00:00,191.7838103610993
2025-05-21 17:00:00,95.31676881784824
2025-05-22 17:00:00,136.16942021645718
2025-05-23 17:00:00,107.13219958530317
2025-05-27 17:00:00,247.556893980538
2025-05-28 17:00:00,163.5292389838528
2025-05-29 17:00:00,187.3338148751718
2025-05-30 17:00:00,168.54474351477006
2025-06-02 17:00:00,198.72965544564158
2025-06-03 17:00:00,215.26435068600836
2025-06-04 17:00:00,191.89632548589816
2025-06-05 17:00:00,149.311909835116
2025-06-06 17:00:00,222.84860577401923
2025-06-09 17:00:00,196.919648124177
2025-06-10 17:00:00,221.80651727527584
2025-06-11 17:00:00,183.32154196569059
2025-06-12 17:00:00,203.92496525876413
2025-06-13 17:00:00,120.49581512203713
2025-06-16 17:00:00,208.6824871682884
2025-06-17 17:00:00,133.54792650721652
2025-06-18 17:00:00,149.26648358787588
2025-06-20 17:00:00,138.35668154042605
2025-06-23 17:00:00,206.89101638835746
2025-06-24 17:00:00,249.05658597453748
2025-06-25 17:00:00,208.78125104257742
2025-06-26 17:00:00,244.44846679744887
2025-06-27 17:00:00,242.55794206838164
2025-06-30 17:00:00,247.73358161896704
2025-07-01 17:00:00,217.82039572111353
2025-07-02 17:00:00,236.50674651879285
2025-07-03 17:00:00,266.7519050350693
2025-07-07 17:00:00,186.08752376494863
2025-07-08 17:00:00,194.78395788736634
2025-07-09 17:00:00,230.9287536547199
2025-07-10 17:00:00,228.57785607814822
2025-07-11 17:00:00,189.39844180554746
2025-07-14 17:00:00,206.22031632111702
2025-07-15 17:00:00,172.46082075451068
2025-07-16 17:00:00,202.00654530338124
2025-07-17 17:00:00,230.4883920910588
2025-07-18 17:00:00,203.23587247042906
2025-07-21 17:00:00,209.39389312881735
2025-07-22 17:00:00,203.04612787937913
2025-07-23 17:00:00,247.65346981270477
2025-07-24 17:00:00,225.07502618628678
2025-07-25 17:00:00,237.33907740500854
2025-07-28 17:00:00,217.5438975731886
2025-07-29 17:00:00,194.9302502596754
2025-07-30 17:00:00,189.20799076022013
2025-07-31 17:00:00,170.78582844905645
2025-08-01 17:00:00,71.50463869887972
2025-08-04 17:00:00,219.50127503944805
2025-08-05 17:00:00,156.83651565867694
2025-08-06 17:00:00,212.98044941026728
2025-08-07 17:00:00,187.3944981231598
2025-08-08 17:00:00,231.55216679378964
2025-08-11 17:00:00,192.19057916049405
2025-08-12 17:00:00,260.3893867938514
2025-08-13 17:00:00,243.78755987199747
2025-08-14 17:00:00,224.75674444294646
2025-08-15 17:00:00,228.8329459614215
